{
	"info": {
		"_postman_id": "6d740994-97e3-49e9-947b-564102d712ba",
		"name": "Ticket ",
		"schema": "https://schema.getpostman.com/json/collection/v2.1.0/collection.json",
		"_exporter_id": "10450795"
	},
	"item": [
		{
			"name": "PurchaseTicket",
			"protocolProfileBehavior": {
				"disableBodyPruning": true
			},
			"request": {
				"method": "GET",
				"header": [],
				"body": {
					"mode": "raw",
					"raw": "{\r\n  \"from\": \"London\",\r\n  \"to\": \"France\",\r\n  \"user\": {\r\n    \"firstName\": \"John\",\r\n    \"lastName\": \"Doe\",\r\n    \"email\": \"john.doe@example.com\"\r\n  },\r\n  \"price\": 5,\r\n  \"section\":\"A\",\r\n  \"seat\":\"A1\"\r\n  }",
					"options": {
						"raw": {
							"language": "json"
						}
					}
				},
				"url": {
					"raw": "http://localhost:8080/Test/ticket/purchaseTicket",
					"protocol": "http",
					"host": [
						"localhost"
					],
					"port": "8080",
					"path": [
						"Test",
						"ticket",
						"purchaseTicket"
					]
				}
			},
			"response": []
		},
		{
			"name": "getReceiptDetails",
			"protocolProfileBehavior": {
				"disableBodyPruning": true
			},
			"request": {
				"method": "GET",
				"header": [],
				"body": {
					"mode": "raw",
					"raw": "{\r\n    \"receiptId\": 2\r\n}\r\n",
					"options": {
						"raw": {
							"language": "json"
						}
					}
				},
				"url": {
					"raw": "http://localhost:8080/BookTicket/ticket/getReceiptDetails",
					"protocol": "http",
					"host": [
						"localhost"
					],
					"port": "8080",
					"path": [
						"BookTicket",
						"ticket",
						"getReceiptDetails"
					]
				}
			},
			"response": []
		},
		{
			"name": "removeUserFromTrain",
			"protocolProfileBehavior": {
				"disableBodyPruning": true
			},
			"request": {
				"method": "GET",
				"header": [],
				"body": {
					"mode": "raw",
					"raw": "{\r\n    \"receiptId\": 2\r\n}\r\n",
					"options": {
						"raw": {
							"language": "json"
						}
					}
				},
				"url": {
					"raw": "http://localhost:8080/BookTicket/ticket/getReceiptDetails",
					"protocol": "http",
					"host": [
						"localhost"
					],
					"port": "8080",
					"path": [
						"BookTicket",
						"ticket",
						"getReceiptDetails"
					]
				}
			},
			"response": []
		},
		{
			"name": "modifyUserSeat",
			"protocolProfileBehavior": {
				"disableBodyPruning": true
			},
			"request": {
				"method": "GET",
				"header": [],
				"body": {
					"mode": "raw",
					"raw": "{\r\n    \"receiptId\": 2\r\n}\r\n",
					"options": {
						"raw": {
							"language": "json"
						}
					}
				},
				"url": {
					"raw": "http://localhost:8080/BookTicket/ticket/getReceiptDetails",
					"protocol": "http",
					"host": [
						"localhost"
					],
					"port": "8080",
					"path": [
						"BookTicket",
						"ticket",
						"getReceiptDetails"
					]
				}
			},
			"response": []
		},
		{
			"name": "getUsersAndSeatsBySection",
			"protocolProfileBehavior": {
				"disableBodyPruning": true
			},
			"request": {
				"method": "GET",
				"header": [],
				"body": {
					"mode": "raw",
					"raw": "{\r\n    \"section\":\"A\"\r\n}",
					"options": {
						"raw": {
							"language": "json"
						}
					}
				},
				"url": {
					"raw": "http://localhost:8080/BookTicket/ticket/getUsersAndSeatsBySection",
					"protocol": "http",
					"host": [
						"localhost"
					],
					"port": "8080",
					"path": [
						"BookTicket",
						"ticket",
						"getUsersAndSeatsBySection"
					]
				}
			},
			"response": []
		}
	]
}